/*Table structure for table `ums_admin` */

DROP TABLE IF EXISTS `ums_admin`;

CREATE TABLE `ums_admin` (
  `id` bigint(20) NOT NULL AUTO_INCREMENT,
  `username` varchar(64) DEFAULT NULL,
  `password` varchar(64) DEFAULT NULL,
  `icon` varchar(500) DEFAULT NULL COMMENT '头像',
  `email` varchar(100) DEFAULT NULL COMMENT '邮箱',
  `nick_name` varchar(200) DEFAULT NULL COMMENT '昵称',
  `note` varchar(500) DEFAULT NULL COMMENT '备注信息',
  `create_time` datetime DEFAULT NULL COMMENT '创建时间',
  `login_time` datetime DEFAULT NULL COMMENT '最后登录时间',
  `status` int(1) DEFAULT '1' COMMENT '帐号启用状态：0->禁用；1->启用',
  PRIMARY KEY (`id`)
) ENGINE=InnoDB AUTO_INCREMENT=4 DEFAULT CHARSET=utf8 COMMENT='后台用户表';

/*Data for the table `ums_admin` */

insert  into `ums_admin`(`id`,`username`,`password`,`icon`,`email`,`nick_name`,`note`,`create_time`,`login_time`,`status`) values (1,'test','202cb962ac59075b964b07152d234b70','http://macro-oss.oss-cn-shenzhen.aliyuncs.com/mall/images/20180607/timg.jpg',NULL,'测试账号',NULL,'2018-09-29 13:55:30','2018-09-29 13:55:39',1),(3,'admin','e10adc3949ba59abbe56e057f20f883e','http://macro-oss.oss-cn-shenzhen.aliyuncs.com/mall/images/20190129/170157_yIl3_1767531.jpg','admin@163.com','系统管理员','系统管理员','2018-10-08 13:32:47','2019-03-15 10:00:14',1);

/*Table structure for table `ums_admin_login_log` */

DROP TABLE IF EXISTS `ums_admin_login_log`;

CREATE TABLE `ums_admin_login_log` (
  `id` bigint(20) NOT NULL AUTO_INCREMENT,
  `admin_id` bigint(20) DEFAULT NULL,
  `create_time` datetime DEFAULT NULL,
  `ip` varchar(64) DEFAULT NULL,
  `address` varchar(100) DEFAULT NULL,
  `user_agent` varchar(100) DEFAULT NULL COMMENT '浏览器登录类型',
  PRIMARY KEY (`id`)
) ENGINE=InnoDB AUTO_INCREMENT=21 DEFAULT CHARSET=utf8 COMMENT='后台用户登录日志表';

/*Data for the table `ums_admin_login_log` */

insert  into `ums_admin_login_log`(`id`,`admin_id`,`create_time`,`ip`,`address`,`user_agent`) values (5,3,'2018-12-06 13:59:12','0:0:0:0:0:0:0:1',NULL,NULL),(6,3,'2018-12-17 13:23:20','0:0:0:0:0:0:0:1',NULL,NULL),(7,3,'2018-12-18 13:51:42','0:0:0:0:0:0:0:1',NULL,NULL),(8,3,'2018-12-18 13:51:51','0:0:0:0:0:0:0:1',NULL,NULL),(9,3,'2019-01-28 16:20:41','0:0:0:0:0:0:0:1',NULL,NULL),(10,3,'2019-01-29 09:16:25','0:0:0:0:0:0:0:1',NULL,NULL),(11,3,'2019-01-29 10:10:51','0:0:0:0:0:0:0:1',NULL,NULL),(12,3,'2019-03-06 13:51:21','0:0:0:0:0:0:0:1',NULL,NULL),(13,3,'2019-03-06 13:59:07','0:0:0:0:0:0:0:1',NULL,NULL),(14,3,'2019-03-08 14:02:57','0:0:0:0:0:0:0:1',NULL,NULL),(15,3,'2019-03-10 15:46:23','0:0:0:0:0:0:0:1',NULL,NULL),(16,3,'2019-03-10 15:50:17','0:0:0:0:0:0:0:1',NULL,NULL),(17,3,'2019-03-12 13:16:56','0:0:0:0:0:0:0:1',NULL,NULL),(18,3,'2019-03-13 18:32:20','0:0:0:0:0:0:0:1',NULL,NULL),(19,3,'2019-03-13 18:38:45','0:0:0:0:0:0:0:1',NULL,NULL),(20,3,'2019-03-15 10:00:14','0:0:0:0:0:0:0:1',NULL,NULL);

/*Table structure for table `ums_admin_permission_relation` */

DROP TABLE IF EXISTS `ums_admin_permission_relation`;

CREATE TABLE `ums_admin_permission_relation` (
  `id` bigint(20) NOT NULL AUTO_INCREMENT,
  `admin_id` bigint(20) DEFAULT NULL,
  `permission_id` bigint(20) DEFAULT NULL,
  `type` int(1) DEFAULT NULL,
  PRIMARY KEY (`id`)
) ENGINE=InnoDB DEFAULT CHARSET=utf8 COMMENT='后台用户和权限关系表(除角色中定义的权限以外的加减权限)';

/*Data for the table `ums_admin_permission_relation` */

/*Table structure for table `ums_admin_role_relation` */

DROP TABLE IF EXISTS `ums_admin_role_relation`;

CREATE TABLE `ums_admin_role_relation` (
  `id` bigint(20) NOT NULL AUTO_INCREMENT,
  `admin_id` bigint(20) DEFAULT NULL,
  `role_id` bigint(20) DEFAULT NULL,
  PRIMARY KEY (`id`)
) ENGINE=InnoDB AUTO_INCREMENT=17 DEFAULT CHARSET=utf8 COMMENT='后台用户和角色关系表';

/*Data for the table `ums_admin_role_relation` */

insert  into `ums_admin_role_relation`(`id`,`admin_id`,`role_id`) values (13,3,1),(15,3,2),(16,3,4);

/*Table structure for table `ums_growth_change_history` */

DROP TABLE IF EXISTS `ums_growth_change_history`;

CREATE TABLE `ums_growth_change_history` (
  `id` bigint(20) NOT NULL AUTO_INCREMENT,
  `member_id` bigint(20) DEFAULT NULL,
  `create_time` datetime DEFAULT NULL,
  `change_type` int(1) DEFAULT NULL COMMENT '改变类型：0->增加；1->减少',
  `change_count` int(11) DEFAULT NULL COMMENT '积分改变数量',
  `operate_man` varchar(100) DEFAULT NULL COMMENT '操作人员',
  `operate_note` varchar(200) DEFAULT NULL COMMENT '操作备注',
  `source_type` int(1) DEFAULT NULL COMMENT '积分来源：0->购物；1->管理员修改',
  PRIMARY KEY (`id`)
) ENGINE=InnoDB AUTO_INCREMENT=2 DEFAULT CHARSET=utf8 COMMENT='成长值变化历史记录表';

/*Data for the table `ums_growth_change_history` */

insert  into `ums_growth_change_history`(`id`,`member_id`,`create_time`,`change_type`,`change_count`,`operate_man`,`operate_note`,`source_type`) values (1,1,'2018-08-29 17:16:35',0,1000,'test','测试使用',1);

/*Table structure for table `ums_integration_change_history` */

DROP TABLE IF EXISTS `ums_integration_change_history`;

CREATE TABLE `ums_integration_change_history` (
  `id` bigint(20) NOT NULL AUTO_INCREMENT,
  `member_id` bigint(20) DEFAULT NULL,
  `create_time` datetime DEFAULT NULL,
  `change_type` int(1) DEFAULT NULL COMMENT '改变类型：0->增加；1->减少',
  `change_count` int(11) DEFAULT NULL COMMENT '积分改变数量',
  `operate_man` varchar(100) DEFAULT NULL COMMENT '操作人员',
  `operate_note` varchar(200) DEFAULT NULL COMMENT '操作备注',
  `source_type` int(1) DEFAULT NULL COMMENT '积分来源：0->购物；1->管理员修改',
  PRIMARY KEY (`id`)
) ENGINE=InnoDB DEFAULT CHARSET=utf8 COMMENT='积分变化历史记录表';

/*Data for the table `ums_integration_change_history` */

/*Table structure for table `ums_integration_consume_setting` */

DROP TABLE IF EXISTS `ums_integration_consume_setting`;

CREATE TABLE `ums_integration_consume_setting` (
  `id` bigint(20) NOT NULL AUTO_INCREMENT,
  `deduction_per_amount` int(11) DEFAULT NULL COMMENT '每一元需要抵扣的积分数量',
  `max_percent_per_order` int(11) DEFAULT NULL COMMENT '每笔订单最高抵用百分比',
  `use_unit` int(11) DEFAULT NULL COMMENT '每次使用积分最小单位100',
  `coupon_status` int(1) DEFAULT NULL COMMENT '是否可以和优惠券同用；0->不可以；1->可以',
  PRIMARY KEY (`id`)
) ENGINE=InnoDB AUTO_INCREMENT=2 DEFAULT CHARSET=utf8 COMMENT='积分消费设置';

/*Data for the table `ums_integration_consume_setting` */

insert  into `ums_integration_consume_setting`(`id`,`deduction_per_amount`,`max_percent_per_order`,`use_unit`,`coupon_status`) values (1,100,50,100,1);

/*Table structure for table `ums_member` */

DROP TABLE IF EXISTS `ums_member`;

CREATE TABLE `ums_member` (
  `id` bigint(20) NOT NULL AUTO_INCREMENT,
  `member_level_id` bigint(20) DEFAULT NULL,
  `username` varchar(64) DEFAULT NULL COMMENT '用户名',
  `password` varchar(64) DEFAULT NULL COMMENT '密码',
  `nickname` varchar(64) DEFAULT NULL COMMENT '昵称',
  `phone` varchar(64) DEFAULT NULL COMMENT '手机号码',
  `status` int(1) DEFAULT NULL COMMENT '帐号启用状态:0->禁用；1->启用',
  `create_time` datetime DEFAULT NULL COMMENT '注册时间',
  `icon` varchar(500) DEFAULT NULL COMMENT '头像',
  `gender` int(1) DEFAULT NULL COMMENT '性别：0->未知；1->男；2->女',
  `birthday` date DEFAULT NULL COMMENT '生日',
  `city` varchar(64) DEFAULT NULL COMMENT '所做城市',
  `job` varchar(100) DEFAULT NULL COMMENT '职业',
  `personalized_signature` varchar(200) DEFAULT NULL COMMENT '个性签名',
  `source_type` int(1) DEFAULT NULL COMMENT '用户来源',
  `integration` int(11) DEFAULT NULL COMMENT '积分',
  `growth` int(11) DEFAULT NULL COMMENT '成长值',
  `luckey_count` int(11) DEFAULT NULL COMMENT '剩余抽奖次数',
  `history_integration` int(11) DEFAULT NULL COMMENT '历史积分数量',
  PRIMARY KEY (`id`),
  UNIQUE KEY `idx_username` (`username`),
  UNIQUE KEY `idx_phone` (`phone`)
) ENGINE=InnoDB AUTO_INCREMENT=11 DEFAULT CHARSET=utf8 COMMENT='会员表';

/*Data for the table `ums_member` */

insert  into `ums_member`(`id`,`member_level_id`,`username`,`password`,`nickname`,`phone`,`status`,`create_time`,`icon`,`gender`,`birthday`,`city`,`job`,`personalized_signature`,`source_type`,`integration`,`growth`,`luckey_count`,`history_integration`) values (1,4,'test','202cb962ac59075b964b07152d234b70','windir','18061581849',1,'2018-08-02 10:35:44',NULL,1,'2009-06-01','上海','学生','test',NULL,5000,NULL,NULL,NULL),(3,4,'windy','e10adc3949ba59abbe56e057f20f883e','windy','18061581848',1,'2018-08-03 16:46:38',NULL,NULL,NULL,NULL,NULL,NULL,NULL,NULL,NULL,NULL,NULL),(4,4,'zhengsan','e10adc3949ba59abbe56e057f20f883e','zhengsan','18061581847',1,'2018-11-12 14:12:04',NULL,NULL,NULL,NULL,NULL,NULL,NULL,NULL,NULL,NULL,NULL),(5,4,'lisi','e10adc3949ba59abbe56e057f20f883e','lisi','18061581841',1,'2018-11-12 14:12:38',NULL,NULL,NULL,NULL,NULL,NULL,NULL,NULL,NULL,NULL,NULL),(6,4,'wangwu','e10adc3949ba59abbe56e057f20f883e','wangwu','18061581842',1,'2018-11-12 14:13:09',NULL,NULL,NULL,NULL,NULL,NULL,NULL,NULL,NULL,NULL,NULL),(7,4,'lion','e10adc3949ba59abbe56e057f20f883e','lion','18061581845',1,'2018-11-12 14:21:39',NULL,NULL,NULL,NULL,NULL,NULL,NULL,NULL,NULL,NULL,NULL),(8,4,'shari','e10adc3949ba59abbe56e057f20f883e','shari','18061581844',1,'2018-11-12 14:22:00',NULL,NULL,NULL,NULL,NULL,NULL,NULL,NULL,NULL,NULL,NULL),(9,4,'aewen','e10adc3949ba59abbe56e057f20f883e','aewen','18061581843',1,'2018-11-12 14:22:55',NULL,NULL,NULL,NULL,NULL,NULL,NULL,NULL,NULL,NULL,NULL),(10,4,'zhangsan','e10adc3949ba59abbe56e057f20f883e',NULL,'17512080612',1,'2019-03-06 17:51:56',NULL,NULL,NULL,NULL,NULL,NULL,NULL,NULL,NULL,NULL,NULL);

/*Table structure for table `ums_member_level` */

DROP TABLE IF EXISTS `ums_member_level`;

CREATE TABLE `ums_member_level` (
  `id` bigint(20) NOT NULL AUTO_INCREMENT,
  `name` varchar(100) DEFAULT NULL,
  `growth_point` int(11) DEFAULT NULL,
  `default_status` int(1) DEFAULT NULL COMMENT '是否为默认等级：0->不是；1->是',
  `free_freight_point` decimal(10,2) DEFAULT NULL COMMENT '免运费标准',
  `comment_growth_point` int(11) DEFAULT NULL COMMENT '每次评价获取的成长值',
  `priviledge_free_freight` int(1) DEFAULT NULL COMMENT '是否有免邮特权',
  `priviledge_sign_in` int(1) DEFAULT NULL COMMENT '是否有签到特权',
  `priviledge_comment` int(1) DEFAULT NULL COMMENT '是否有评论获奖励特权',
  `priviledge_promotion` int(1) DEFAULT NULL COMMENT '是否有专享活动特权',
  `priviledge_member_price` int(1) DEFAULT NULL COMMENT '是否有会员价格特权',
  `priviledge_birthday` int(1) DEFAULT NULL COMMENT '是否有生日特权',
  `note` varchar(200) DEFAULT NULL,
  PRIMARY KEY (`id`)
) ENGINE=InnoDB AUTO_INCREMENT=5 DEFAULT CHARSET=utf8 COMMENT='会员等级表';

/*Data for the table `ums_member_level` */

insert  into `ums_member_level`(`id`,`name`,`growth_point`,`default_status`,`free_freight_point`,`comment_growth_point`,`priviledge_free_freight`,`priviledge_sign_in`,`priviledge_comment`,`priviledge_promotion`,`priviledge_member_price`,`priviledge_birthday`,`note`) values (1,'黄金会员',1000,0,'199.00',5,1,1,1,1,1,1,NULL),(2,'白金会员',5000,0,'99.00',10,1,1,1,1,1,1,NULL),(3,'钻石会员',15000,0,'69.00',15,1,1,1,1,1,1,NULL),(4,'普通会员',1,1,'199.00',20,1,1,1,1,0,0,NULL);

/*Table structure for table `ums_member_login_log` */

DROP TABLE IF EXISTS `ums_member_login_log`;

CREATE TABLE `ums_member_login_log` (
  `id` bigint(20) NOT NULL AUTO_INCREMENT,
  `member_id` bigint(20) DEFAULT NULL,
  `create_time` datetime DEFAULT NULL,
  `ip` varchar(64) DEFAULT NULL,
  `city` varchar(64) DEFAULT NULL,
  `login_type` int(1) DEFAULT NULL COMMENT '登录类型：0->PC；1->android;2->ios;3->小程序',
  `province` varchar(64) DEFAULT NULL,
  PRIMARY KEY (`id`)
) ENGINE=InnoDB DEFAULT CHARSET=utf8 COMMENT='会员登录记录';

/*Data for the table `ums_member_login_log` */

/*Table structure for table `ums_member_member_tag_relation` */

DROP TABLE IF EXISTS `ums_member_member_tag_relation`;

CREATE TABLE `ums_member_member_tag_relation` (
  `id` bigint(20) NOT NULL AUTO_INCREMENT,
  `member_id` bigint(20) DEFAULT NULL,
  `tag_id` bigint(20) DEFAULT NULL,
  PRIMARY KEY (`id`)
) ENGINE=InnoDB DEFAULT CHARSET=utf8 COMMENT='用户和标签关系表';

/*Data for the table `ums_member_member_tag_relation` */

/*Table structure for table `ums_member_product_category_relation` */

DROP TABLE IF EXISTS `ums_member_product_category_relation`;

CREATE TABLE `ums_member_product_category_relation` (
  `id` bigint(20) NOT NULL AUTO_INCREMENT,
  `member_id` bigint(20) DEFAULT NULL,
  `product_category_id` bigint(20) DEFAULT NULL,
  PRIMARY KEY (`id`)
) ENGINE=InnoDB DEFAULT CHARSET=utf8 COMMENT='会员与产品分类关系表（用户喜欢的分类）';

/*Data for the table `ums_member_product_category_relation` */

/*Table structure for table `ums_member_receive_address` */

DROP TABLE IF EXISTS `ums_member_receive_address`;

CREATE TABLE `ums_member_receive_address` (
  `id` bigint(20) NOT NULL AUTO_INCREMENT,
  `member_id` bigint(20) DEFAULT NULL,
  `name` varchar(100) DEFAULT NULL COMMENT '收货人名称',
  `phone_number` varchar(64) DEFAULT NULL,
  `default_status` int(1) DEFAULT NULL COMMENT '是否为默认',
  `post_code` varchar(100) DEFAULT NULL COMMENT '邮政编码',
  `province` varchar(100) DEFAULT NULL COMMENT '省份/直辖市',
  `city` varchar(100) DEFAULT NULL COMMENT '城市',
  `region` varchar(100) DEFAULT NULL COMMENT '区',
  `detail_address` varchar(128) DEFAULT NULL COMMENT '详细地址(街道)',
  PRIMARY KEY (`id`)
) ENGINE=InnoDB AUTO_INCREMENT=5 DEFAULT CHARSET=utf8 COMMENT='会员收货地址表';

/*Data for the table `ums_member_receive_address` */

insert  into `ums_member_receive_address`(`id`,`member_id`,`name`,`phone_number`,`default_status`,`post_code`,`province`,`city`,`region`,`detail_address`) values (1,1,'大梨','18033441849',0,'518000','广东省','深圳市','南山区','科兴科学园'),(3,1,'大梨','18033441849',0,'518000','广东省','深圳市','福田区','清水河街道'),(4,1,'大梨','18033441849',1,'518000','广东省','深圳市','福田区','东晓街道');

/*Table structure for table `ums_member_rule_setting` */

DROP TABLE IF EXISTS `ums_member_rule_setting`;

CREATE TABLE `ums_member_rule_setting` (
  `id` bigint(20) NOT NULL AUTO_INCREMENT,
  `continue_sign_day` int(11) DEFAULT NULL COMMENT '连续签到天数',
  `continue_sign_point` int(11) DEFAULT NULL COMMENT '连续签到赠送数量',
  `consume_per_point` decimal(10,2) DEFAULT NULL COMMENT '每消费多少元获取1个点',
  `low_order_amount` decimal(10,2) DEFAULT NULL COMMENT '最低获取点数的订单金额',
  `max_point_per_order` int(11) DEFAULT NULL COMMENT '每笔订单最高获取点数',
  `type` int(1) DEFAULT NULL COMMENT '类型：0->积分规则；1->成长值规则',
  PRIMARY KEY (`id`)
) ENGINE=InnoDB DEFAULT CHARSET=utf8 COMMENT='会员积分成长规则表';

/*Data for the table `ums_member_rule_setting` */

/*Table structure for table `ums_member_statistics_info` */

DROP TABLE IF EXISTS `ums_member_statistics_info`;

CREATE TABLE `ums_member_statistics_info` (
  `id` bigint(20) NOT NULL AUTO_INCREMENT,
  `member_id` bigint(20) DEFAULT NULL,
  `consume_amount` decimal(10,2) DEFAULT NULL COMMENT '累计消费金额',
  `order_count` int(11) DEFAULT NULL COMMENT '订单数量',
  `coupon_count` int(11) DEFAULT NULL COMMENT '优惠券数量',
  `comment_count` int(11) DEFAULT NULL COMMENT '评价数',
  `return_order_count` int(11) DEFAULT NULL COMMENT '退货数量',
  `login_count` int(11) DEFAULT NULL COMMENT '登录次数',
  `attend_count` int(11) DEFAULT NULL COMMENT '关注数量',
  `fans_count` int(11) DEFAULT NULL COMMENT '粉丝数量',
  `collect_product_count` int(11) DEFAULT NULL,
  `collect_subject_count` int(11) DEFAULT NULL,
  `collect_topic_count` int(11) DEFAULT NULL,
  `collect_comment_count` int(11) DEFAULT NULL,
  `invite_friend_count` int(11) DEFAULT NULL,
  `recent_order_time` datetime DEFAULT NULL COMMENT '最后一次下订单时间',
  PRIMARY KEY (`id`)
) ENGINE=InnoDB DEFAULT CHARSET=utf8 COMMENT='会员统计信息';

/*Data for the table `ums_member_statistics_info` */

/*Table structure for table `ums_member_tag` */

DROP TABLE IF EXISTS `ums_member_tag`;

CREATE TABLE `ums_member_tag` (
  `id` bigint(20) NOT NULL AUTO_INCREMENT,
  `name` varchar(100) DEFAULT NULL,
  `finish_order_count` int(11) DEFAULT NULL COMMENT '自动打标签完成订单数量',
  `finish_order_amount` decimal(10,2) DEFAULT NULL COMMENT '自动打标签完成订单金额',
  PRIMARY KEY (`id`)
) ENGINE=InnoDB DEFAULT CHARSET=utf8 COMMENT='用户标签表';

/*Data for the table `ums_member_tag` */

/*Table structure for table `ums_member_task` */

DROP TABLE IF EXISTS `ums_member_task`;

CREATE TABLE `ums_member_task` (
  `id` bigint(20) NOT NULL AUTO_INCREMENT,
  `name` varchar(100) DEFAULT NULL,
  `growth` int(11) DEFAULT NULL COMMENT '赠送成长值',
  `intergration` int(11) DEFAULT NULL COMMENT '赠送积分',
  `type` int(1) DEFAULT NULL COMMENT '任务类型：0->新手任务；1->日常任务',
  PRIMARY KEY (`id`)
) ENGINE=InnoDB DEFAULT CHARSET=utf8 COMMENT='会员任务表';

/*Data for the table `ums_member_task` */

/*Table structure for table `ums_permission` */

DROP TABLE IF EXISTS `ums_permission`;

CREATE TABLE `ums_permission` (
  `id` bigint(20) NOT NULL AUTO_INCREMENT,
  `pid` bigint(20) DEFAULT NULL COMMENT '父级权限id',
  `name` varchar(100) DEFAULT NULL COMMENT '名称',
  `value` varchar(200) DEFAULT NULL COMMENT '权限值',
  `icon` varchar(500) DEFAULT NULL COMMENT '图标',
  `type` int(1) DEFAULT NULL COMMENT '权限类型：0->目录；1->菜单；2->按钮（接口绑定权限）',
  `uri` varchar(200) DEFAULT NULL COMMENT '前端资源路径',
  `status` int(1) DEFAULT NULL COMMENT '启用状态；0->禁用；1->启用',
  `create_time` datetime DEFAULT NULL COMMENT '创建时间',
  `sort` int(11) DEFAULT NULL COMMENT '排序',
  PRIMARY KEY (`id`)
) ENGINE=InnoDB AUTO_INCREMENT=19 DEFAULT CHARSET=utf8 COMMENT='后台用户权限表';

/*Data for the table `ums_permission` */

insert  into `ums_permission`(`id`,`pid`,`name`,`value`,`icon`,`type`,`uri`,`status`,`create_time`,`sort`) values (1,0,'商品',NULL,NULL,0,NULL,1,'2018-09-29 16:15:14',0),(2,1,'商品列表','pms:product:read',NULL,1,'/pms/product/index',1,'2018-09-29 16:17:01',0),(3,1,'添加商品','pms:product:create',NULL,1,'/pms/product/add',1,'2018-09-29 16:18:51',0),(4,1,'商品分类','pms:productCategory:read',NULL,1,'/pms/productCate/index',1,'2018-09-29 16:23:07',0),(5,1,'商品类型','pms:productAttribute:read',NULL,1,'/pms/productAttr/index',1,'2018-09-29 16:24:43',0),(6,1,'品牌管理','pms:brand:read',NULL,1,'/pms/brand/index',1,'2018-09-29 16:25:45',0),(7,2,'编辑商品','pms:product:update',NULL,2,'/pms/product/updateProduct',1,'2018-09-29 16:34:23',0),(8,2,'删除商品','pms:product:delete',NULL,2,'/pms/product/delete',1,'2018-09-29 16:38:33',0),(9,4,'添加商品分类','pms:productCategory:create',NULL,2,'/pms/productCate/create',1,'2018-09-29 16:43:23',0),(10,4,'修改商品分类','pms:productCategory:update',NULL,2,'/pms/productCate/update',1,'2018-09-29 16:43:55',0),(11,4,'删除商品分类','pms:productCategory:delete',NULL,2,'/pms/productAttr/delete',1,'2018-09-29 16:44:38',0),(12,5,'添加商品类型','pms:productAttribute:create',NULL,2,'/pms/productAttr/create',1,'2018-09-29 16:45:25',0),(13,5,'修改商品类型','pms:productAttribute:update',NULL,2,'/pms/productAttr/update',1,'2018-09-29 16:48:08',0),(14,5,'删除商品类型','pms:productAttribute:delete',NULL,2,'/pms/productAttr/delete',1,'2018-09-29 16:48:44',0),(15,6,'添加品牌','pms:brand:create',NULL,2,'/pms/brand/add',1,'2018-09-29 16:49:34',0),(16,6,'修改品牌','pms:brand:update',NULL,2,'/pms/brand/update',1,'2018-09-29 16:50:55',0),(17,6,'删除品牌','pms:brand:delete',NULL,2,'/pms/brand/delete',1,'2018-09-29 16:50:59',0),(18,0,'首页',NULL,NULL,0,NULL,1,'2018-09-29 16:51:57',0);

/*Table structure for table `ums_role` */

DROP TABLE IF EXISTS `ums_role`;

CREATE TABLE `ums_role` (
  `id` bigint(20) NOT NULL AUTO_INCREMENT,
  `name` varchar(100) DEFAULT NULL COMMENT '名称',
  `description` varchar(500) DEFAULT NULL COMMENT '描述',
  `admin_count` int(11) DEFAULT NULL COMMENT '后台用户数量',
  `create_time` datetime DEFAULT NULL COMMENT '创建时间',
  `status` int(1) DEFAULT '1' COMMENT '启用状态：0->禁用；1->启用',
  `sort` int(11) DEFAULT '0',
  PRIMARY KEY (`id`)
) ENGINE=InnoDB AUTO_INCREMENT=5 DEFAULT CHARSET=utf8 COMMENT='后台用户角色表';

/*Data for the table `ums_role` */

insert  into `ums_role`(`id`,`name`,`description`,`admin_count`,`create_time`,`status`,`sort`) values (1,'商品管理员','商品管理员',0,'2018-09-30 15:46:11',1,0),(2,'商品分类管理员','商品分类管理员',0,'2018-09-30 15:53:45',1,0),(3,'商品类型管理员','商品类型管理员',0,'2018-09-30 15:53:56',1,0),(4,'品牌管理员','品牌管理员',0,'2018-09-30 15:54:12',1,0);

/*Table structure for table `ums_role_permission_relation` */

DROP TABLE IF EXISTS `ums_role_permission_relation`;

CREATE TABLE `ums_role_permission_relation` (
  `id` bigint(20) NOT NULL AUTO_INCREMENT,
  `role_id` bigint(20) DEFAULT NULL,
  `permission_id` bigint(20) DEFAULT NULL,
  PRIMARY KEY (`id`)
) ENGINE=InnoDB AUTO_INCREMENT=18 DEFAULT CHARSET=utf8 COMMENT='后台用户角色和权限关系表';

/*Data for the table `ums_role_permission_relation` */

insert  into `ums_role_permission_relation`(`id`,`role_id`,`permission_id`) values (1,1,1),(2,1,2),(3,1,3),(4,1,7),(5,1,8),(6,2,4),(7,2,9),(8,2,10),(9,2,11),(10,3,5),(11,3,12),(12,3,13),(13,3,14),(14,4,6),(15,4,15),(16,4,16),(17,4,17);
